id_barrio,cod_distrito,nombre_distrito,nombre_barrio,lat_c,lon_c,precio_m2,densidad_airbnb,renta_media_persona,distancia_centro_km,crec_demografico_pct
01011,01,Centro,Palacio,40.414963,-3.715599,24.6,7.7696,23.77,1.048,3.4745886730917985
01012,01,Centro,Embajadores,40.409556,-3.701533,25.7,5.6771,18.177,0.838,5.034073886532903
01013,01,Centro,Cortes,40.414428,-3.698533,26.1,9.976,24.671,0.508,3.229180879610679
01014,01,Centro,Justicia,40.423892,-3.69581,27.9,6.0332,28.051,1.011,2.8140050868553494
01015,01,Centro,Universidad,40.425368,-3.706673,25.9,5.624,22.689,0.972,3.8590403254756493
01016,01,Centro,Sol,40.416914,-3.704449,25.5,16.4328,21.02,0.078,4.1031793641271745
02021,02,Arganzuela,Imperial,40.406933,-3.717434,21.9,0.9165,23.591,1.621,1.2562981377488736
02022,02,Arganzuela,Acacias,40.400963,-3.706857,21.8,0.5454,24.444,1.797,1.119320688134098
02023,02,Arganzuela,Chopera,40.394799,-3.699528,22.4,0.74,18.83,2.482,2.473948571856961
02024,02,Arganzuela,Legazpi,40.388086,-3.688609,19.6,0.3021,25.356,3.445,1.9834206377460204
02025,02,Arganzuela,Delicias,40.396153,-3.688425,23.1,0.4995,22.273,2.64,3.066850447966919
02026,02,Arganzuela,Palos de la Frontera,40.4033,-3.694961,23.3,1.5471,21.157,1.68,2.723681883388685
03031,03,Retiro,Pacífico,40.403208,-3.678786,21.9,0.6604,23.449,2.595,2.1446757525834954
03032,03,Retiro,Adelfas,40.40067,-3.671562,20.0,0.8873,24.543,3.259,1.019626489156563
03033,03,Retiro,Estrella,40.413828,-3.665368,21.4,0.1469,27.595,3.256,0.5503819650837681
03034,03,Retiro,Ibiza,40.418764,-3.674064,26.1,1.1346,26.761,2.508,2.381499701163165
03035,03,Retiro,Los Jerónimos,40.413483,-3.685066,27.3,1.4569,31.815,1.613,1.5844174722000146
03036,03,Retiro,Niño Jesús,40.411912,-3.673129,23.1,0.5535,31.955,2.639,1.1724410486101964
04041,04,Salamanca,Recoletos,40.42384,-3.685637,31.6,2.2016,36.397,1.7,2.563201124996005
04042,04,Salamanca,Goya,40.425293,-3.674396,28.6,1.1455,28.823,2.639,3.0204818069430988
04043,04,Salamanca,Fuente del Berro,40.425164,-3.664214,25.0,0.7251,23.926,3.458,2.4541035442918497
04044,04,Salamanca,Guindalera,40.436276,-3.667957,24.5,1.0505,25.573,3.703,2.2175352602245813
04045,04,Salamanca,Lista,40.432899,-3.676224,28.0,0.9328,28.96,2.916,2.5285462036492055
04046,04,Salamanca,Castellana,40.433378,-3.683964,30.0,1.0492,34.843,2.466,4.4667880153708355
05051,05,Chamartín,El Viso,40.445224,-3.68484,25.8,0.4233,35.797,3.516,1.5566213848760735
05052,05,Chamartín,Prosperidad,40.44544,-3.666659,22.3,0.7377,24.83,4.448,2.5593248205184413
05053,05,Chamartín,Ciudad Jardín,40.446893,-3.67403,24.1,0.6101,24.765,4.161,2.2168211319142115
05054,05,Chamartín,Hispanoamérica,40.455609,-3.676961,24.3,0.4096,31.917,4.847,1.7138176548421649
05055,05,Chamartín,Nueva España,40.462773,-3.678033,23.6,0.9046,34.371,5.527,2.3308893332525398
05056,05,Chamartín,Castilla,40.474691,-3.680468,21.2,0.5344,28.189,6.701,3.3116021461951193
06061,06,Tetuán,Bellas Vistas,40.45205,-3.707384,23.3,0.8799,16.653,3.91,3.927462178138463
06062,06,Tetuán,Cuatro Caminos,40.451969,-3.696969,23.7,1.1728,24.54,3.927,2.7527101424598444
06063,06,Tetuán,Castillejos,40.46098,-3.69405,23.3,1.2089,26.447,4.953,3.2802562999091474
06064,06,Tetuán,Almenara,40.469814,-3.694002,23.4,1.0564,16.415,5.924,4.382039154134939
06065,06,Tetuán,Valdeacederas,40.466859,-3.704341,21.9,1.039,15.348,5.541,4.506078608081514
06066,06,Tetuán,Berruguete,40.458924,-3.705352,21.4,0.9324,15.679,4.662,4.262288837678786
07071,07,Chamberí,Gaztambide,40.434464,-3.714825,25.0,0.6315,26.058,2.168,2.469242020132496
07072,07,Chamberí,Arapiles,40.434524,-3.707909,25.0,0.82,25.893,1.986,3.0170395553836444
07073,07,Chamberí,Trafalgar,40.433304,-3.701279,27.1,1.407,26.431,1.826,2.8308875052553604
07074,07,Chamberí,Almagro,40.43203,-3.693088,27.7,1.0259,33.425,1.894,2.9129662522202486
07075,07,Chamberí,Ríos Rosas,40.442731,-3.697853,25.3,0.5959,29.358,2.902,2.8988662131519276
07076,07,Chamberí,Vallehermoso,40.442485,-3.711516,23.2,0.5799,30.728,2.915,1.9206305654635705
08083,08,Fuencarral - El Pardo,Peñagrande,40.477757,-3.727679,18.3,0.1042,22.816,7.054,1.1279923753994505
08084,08,Fuencarral - El Pardo,Pilar,40.47699,-3.709833,21.2,0.1482,17.793,6.686,2.024893383829067
08085,08,Fuencarral - El Pardo,La Paz,40.481965,-3.695116,17.4,0.0664,26.477,7.252,0.46796312078716973
08086,08,Fuencarral - El Pardo,Valverde,40.500973,-3.678713,18.9,0.1497,20.138,9.562,3.210587493447393
08087,08,Fuencarral - El Pardo,Mirasierra,40.498254,-3.71791,17.4,0.037,29.407,9.107,2.9494614747307373
08088,08,Fuencarral - El Pardo,El Goloso,40.540126,-3.690763,16.6,0.057,27.155,13.716,2.8991509629322842
09091,09,Moncloa - Aravaca,Casa de Campo,40.42389,-3.747395,20.0,0.4237,23.494,3.801,1.3922918368140629
09092,09,Moncloa - Aravaca,Argüelles,40.428048,-3.717615,25.0,0.9329,28.664,1.717,1.980438121412982
09093,09,Moncloa - Aravaca,Ciudad Universitaria,40.456834,-3.735865,21.5,0.2123,30.31,5.208,3.0806257521058966
09094,09,Moncloa - Aravaca,Valdezarza,40.465114,-3.716953,19.6,0.2504,18.383,5.467,3.639408676607942
09095,09,Moncloa - Aravaca,Valdemarín,40.46824,-3.782678,19.0,0.037,36.918,8.802,4.039159307181488
09097,09,Moncloa - Aravaca,Aravaca,40.454157,-3.775732,17.9,0.2294,30.206,7.387,2.6888098062475287
10101,10,Latina,Los Cármenes,40.40096,-3.738097,19.6,0.2006,14.416,3.428,2.8629631668777185
10102,10,Latina,Puerta del Ángel,40.41019,-3.73124,21.8,0.5422,15.31,2.468,5.001970609762964
10103,10,Latina,Lucero,40.402537,-3.752703,18.5,0.1699,14.814,4.469,3.536440304192673
10104,10,Latina,Aluche,40.393519,-3.756377,16.9,0.0592,15.162,5.184,3.518711133733153
10107,10,Latina,Águilas,40.383339,-3.772289,16.7,0.0215,15.144,6.926,2.0712486367014447
11111,11,Carabanchel,Comillas,40.392473,-3.711125,19.0,0.683,15.403,2.792,3.2260159785220948
11112,11,Carabanchel,Opañel,40.391538,-3.721288,19.3,0.4955,14.134,3.198,4.697677099544642
11113,11,Carabanchel,San Isidro,40.397046,-3.726896,19.5,0.6172,13.288,2.968,4.399651128985367
11114,11,Carabanchel,Vista Alegre,40.384407,-3.745498,18.8,0.1934,12.736,5.073,4.957090314671026
11115,11,Carabanchel,Puerta Bonita,40.380471,-3.738623,19.9,0.2444,11.651,5.026,5.2474893819711825
11116,11,Carabanchel,Buenavista,40.36833,-3.741483,18.7,0.049,14.879,6.285,3.7707977762473677
12124,12,Usera,Almendrales,40.383731,-3.698928,21.5,0.7669,12.826,3.708,4.674835867496418
12125,12,Usera,Moscardó,40.39033,-3.705231,19.8,0.5356,12.693,2.958,4.75280981414824
12127,12,Usera,Pradolongo,40.378576,-3.706029,20.5,0.3772,9.91,4.265,6.985155195681512
13132,13,Puente de Vallecas,San Diego,40.389437,-3.668374,20.5,0.8106,10.252,4.269,8.968372457461115
13133,13,Puente de Vallecas,Palomeras Bajas,40.385217,-3.658502,16.8,0.1256,13.967,5.197,3.108279015468431
13134,13,Puente de Vallecas,Palomeras Sureste,40.38544,-3.635437,16.3,0.0717,13.353,6.754,2.8187030311336487
13136,13,Puente de Vallecas,Numancia,40.399085,-3.658212,20.4,0.4622,12.136,4.326,4.4963433352394135
14143,14,Moratalaz,Marroquina,40.410054,-3.641287,16.7,0.0586,20.036,5.336,0.9828945864604366
15151,15,Ciudad Lineal,Ventas,40.423537,-3.649844,20.0,0.3974,15.254,4.613,3.9144483165919897
15152,15,Ciudad Lineal,Pueblo Nuevo,40.425194,-3.635994,19.5,0.3922,14.782,5.802,4.714327889740044
15153,15,Ciudad Lineal,Quintana,40.437574,-3.643136,20.0,0.3794,16.29,5.611,4.951082690356301
15154,15,Ciudad Lineal,La Concepción,40.439214,-3.648804,20.0,0.3908,19.248,5.259,6.088385767530153
15155,15,Ciudad Lineal,San Pascual,40.442992,-3.653838,20.6,0.2098,22.329,5.111,3.7058855031328655
15156,15,Ciudad Lineal,San Juan Bautista,40.450635,-3.65583,20.5,0.1835,28.26,5.509,5.2806571484451394
15157,15,Ciudad Lineal,Colina,40.458164,-3.659767,22.4,0.4386,27.706,5.891,3.602660886463861
15159,15,Ciudad Lineal,Costillares,40.475385,-3.669867,18.8,0.2108,29.377,7.087,1.741569221722118
16161,16,Hortaleza,Palomas,40.454008,-3.616173,16.7,0.074,34.774,8.475,1.3773314203730274
16162,16,Hortaleza,Piovera,40.455615,-3.636289,19.1,0.2337,34.949,7.138,2.7151101783840503
16163,16,Hortaleza,Canillas,40.462996,-3.641649,18.9,0.2564,19.994,7.326,1.630394136564206
16164,16,Hortaleza,Pinar del Rey,40.471776,-3.644341,20.4,0.321,16.824,7.889,2.4339307411907654
16166,16,Hortaleza,Valdefuentes,40.490834,-3.636993,19.0,0.2428,25.293,9.955,5.535174643334036
17171,17,Villaverde,Villaverde Alto - Casco Histórico de Villaverde,40.343037,-3.708355,20.0,0.3398,11.511,8.214,4.993729800271199
17173,17,Villaverde,Butarque,40.340081,-3.673401,17.4,0.0477,13.62,8.907,4.847680300290678
17174,17,Villaverde,Los Rosales,40.355313,-3.688463,15.5,0.1375,12.703,6.96,4.751084486676307
18181,18,Villa de Vallecas,Casco Histórico de Vallecas,40.347579,-3.61532,17.4,0.2248,11.951,10.74,3.8033519010691617
18183,18,Villa de Vallecas,Ensanche de Vallecas,40.365797,-3.599877,17.3,0.0629,16.757,10.47,5.442761419834907
19191,19,Vicálvaro,Casco Histórico de Vicálvaro,40.393123,-3.579849,19.3,0.1031,12.291,10.823,4.133063126404456
19194,19,Vicálvaro,El Cañaveral,40.404623,-3.549222,15.6,0.0426,19.187,13.164,27.368003438357523
20201,20,San Blas - Canillejas,Simancas,40.434118,-3.624631,19.2,0.3294,15.675,6.959,4.728204606011235
20205,20,San Blas - Canillejas,Rosas,40.429344,-3.5937,15.1,0.0579,19.981,9.418,0.2825179821071945
20206,20,San Blas - Canillejas,Rejas,40.444009,-3.569048,16.8,1.477,19.155,11.796,4.478157044528726
20207,20,San Blas - Canillejas,Canillejas,40.442759,-3.609896,19.2,0.3275,15.07,8.443,2.9689883070665988
20208,20,San Blas - Canillejas,El Salvador,40.444174,-3.627931,17.0,0.1635,26.077,7.089,2.2245762711864407
21211,21,Barajas,Alameda de Osuna,40.457282,-3.591121,15.5,0.0481,24.417,10.533,0.9605662285136501
21214,21,Barajas,Timón,40.476321,-3.603938,16.7,0.2813,19.498,10.713,2.8712830790625383
