id_barrio;cod_distrito;nombre_distrito;nombre_barrio;n_anuncios_total;n_viviendas;lat_c;lon_c;m2_vivienda;precio_m2_vivienda;alquiler_mes;renta_media_hogar;densidad_anuncios;renta_media_persona;distancia_centro_km;crec_demografico_pct;aporte_airbnb_eur_m2;aporte_distancia_eur_m2;aporte_renta_eur_m2;aporte_crecimiento_eur_m2;aporte_total_eur_m2;efecto_airbnb_eur_mes;efecto_distancia_m2;efecto_renta_m2;efecto_crecimiento_m2;efecto_total_eur_m2;pct_airbnb;pct_distancia;pct_renta;pct_crecimiento;alquiler_50m2;alquiler_70m2;alquiler_100m2;esfuerzo_hogar_50m2;esfuerzo_hogar_70m2;esfuerzo_hogar_100m2;Cluster;tipo_cluster
01011;01;Centro;Palacio;1689;13643;40,414963;-3,715599;72,31;24,6;1778,83;48.025;12,38;23.770;1,048;3,47;1,21 €;3,23 €;0,34 €;0,00 €;4,78 €;87,30 €;233,40 €;24,57 €;0,27 €;345,55 €;4,91%;13,12%;1,38%;0,02%;1.230,00 €;1.722,00 €;2.460,00 €;30,73%;43,03%;61%;2;Centro turístico
01012;01;Centro;Embajadores;2456;25770;40,409556;-3,701533;56,61;25,7;1454,88;37.741;9,53;18.177;0,838;5,03;0,88 €;3,39 €;-0,75 €;0,27 €;3,79 €;49,88 €;192,13 €;-42,37 €;15,05 €;214,68 €;3,43%;13,21%;-2,91%;1,03%;1.285,00 €;1.799,00 €;2.570,00 €;40,86%;57,20%;82%;2;Centro turístico
01013;01;Centro;Cortes;1056;6656;40,414428;-3,698533;89,04;26,1;2323,94;49.485;15,87;24.671;0,508;3,23;1,61 €;3,65 €;0,52 €;-0,04 €;5,74 €;143,02 €;325,43 €;45,87 €;-3,34 €;510,99 €;6,15%;14,00%;1,97%;-0,14%;1.305,00 €;1.827,00 €;2.610,00 €;31,65%;44,30%;63%;2;Centro turístico
01014;01;Centro;Justicia;1128;10724;40,423892;-3,69581;92,61;27,9;2583,82;57.745;10,52;28.051;1,011;2,81;0,99 €;3,26 €;1,17 €;-0,11 €;5,32 €;92,07 €;301,64 €;108,62 €;-9,93 €;492,40 €;3,56%;11,67%;4,20%;-0,38%;1.395,00 €;1.953,00 €;2.790,00 €;28,99%;40,59%;58%;2;Centro turístico
01015;01;Centro;Universidad;1954;20306;40,425368;-3,706673;68,09;25,9;1763,53;45.078;9,62;22.689;0,972;3,86;0,89 €;3,29 €;0,13 €;0,07 €;4,38 €;60,71 €;223,87 €;8,82 €;4,66 €;298,06 €;3,44%;12,69%;0,50%;0,26%;1.295,00 €;1.813,00 €;2.590,00 €;34,47%;48,26%;69%;2;Centro turístico
01016;01;Centro;Sol;1254;4704;40,416914;-3,704449;91,51;25,5;2333,51;44.128;26,66;21.020;0,078;4,10;2,84 €;3,99 €;-0,20 €;0,11 €;6,75 €;260,05 €;365,57 €;-17,87 €;10,01 €;617,76 €;11,14%;15,67%;-0,77%;0,43%;1.275,00 €;1.785,00 €;2.550,00 €;34,67%;48,54%;69%;2;Centro turístico
02021;02;Arganzuela;Imperial;182;11784;40,406933;-3,717434;81,21;21,9;1778,50;54.669;1,54;23.591;1,621;1,26;-0,03 €;2,77 €;0,31 €;-0,37 €;2,68 €;-2,68 €;225,33 €;24,77 €;-29,96 €;217,45 €;-0,15%;12,67%;1,39%;-1,68%;1.095,00 €;1.533,00 €;2.190,00 €;24,04%;33,65%;48%;1;Residencial asequible
02022;02;Arganzuela;Acacias;200;17784;40,400963;-3,706857;79,54;21,8;1733,97;56.322;1,12;24.444;1,797;1,12;-0,08 €;2,64 €;0,47 €;-0,39 €;2,63 €;-6,45 €;209,63 €;37,46 €;-31,18 €;209,46 €;-0,37%;12,09%;2,16%;-1,80%;1.090,00 €;1.526,00 €;2.180,00 €;23,22%;32,51%;46%;1;Residencial asequible
02023;02;Arganzuela;Chopera;134;9730;40,394799;-3,699528;67,47;22,4;1511,33;43.195;1,38;18.830;2,482;2,47;-0,05 €;2,09 €;-0,62 €;-0,16 €;1,26 €;-3,52 €;141,27 €;-41,93 €;-11,09 €;84,73 €;-0,23%;9,35%;-2,77%;-0,73%;1.120,00 €;1.568,00 €;2.240,00 €;31,11%;43,56%;62%;0;Residencial caro
02024;02;Arganzuela;Legazpi;44;8936;40,388086;-3,688609;88,06;19,6;1725,98;63.915;0,49;25.356;3,445;1,98;-0,15 €;1,33 €;0,65 €;-0,25 €;1,58 €;-13,52 €;117,32 €;57,10 €;-21,73 €;139,17 €;-0,78%;6,80%;3,31%;-1,26%;980,00 €;1.372,00 €;1.960,00 €;18,40%;25,76%;37%;1;Residencial asequible
02025;02;Arganzuela;Delicias;172;13814;40,396153;-3,688425;69,96;23,1;1616,08;53.067;1,25;22.273;2,64;3,07;-0,07 €;1,97 €;0,05 €;-0,06 €;1,89 €;-4,71 €;137,74 €;3,40 €;-4,53 €;131,90 €;-0,29%;8,52%;0,21%;-0,28%;1.155,00 €;1.617,00 €;2.310,00 €;26,12%;36,57%;52%;0;Residencial caro
02026;02;Arganzuela;Palos de la Frontera;369;13703;40,4033;-3,694961;65,13;23,3;1517,53;45.803;2,69;21.157;1,68;2,72;0,10 €;2,73 €;-0,17 €;-0,12 €;2,54 €;6,41 €;177,67 €;-10,98 €;-7,97 €;165,13 €;0,42%;11,71%;-0,72%;-0,53%;1.165,00 €;1.631,00 €;2.330,00 €;30,52%;42,73%;61%;0;Residencial caro
03031;03;Retiro;Pacífico;270;17110;40,403208;-3,678786;74,34;21,9;1628,05;52.842;1,58;23.449;2,595;2,14;-0,03 €;2,00 €;0,28 €;-0,22 €;2,03 €;-2,17 €;149,01 €;20,62 €;-16,33 €;151,12 €;-0,13%;9,15%;1,27%;-1,00%;1.095,00 €;1.533,00 €;2.190,00 €;24,87%;34,81%;50%;1;Residencial asequible
03032;03;Retiro;Adelfas;131;9016;40,40067;-3,671562;78,74;20;1574,80;58.194;1,45;24.543;3,259;1,02;-0,04 €;1,48 €;0,49 €;-0,41 €;1,52 €;-3,43 €;116,48 €;38,60 €;-32,18 €;119,47 €;-0,22%;7,40%;2,45%;-2,04%;1.000,00 €;1.400,00 €;2.000,00 €;20,62%;28,87%;41%;1;Residencial asequible
03033;03;Retiro;Estrella;36;9531;40,413828;-3,665368;110,45;21,4;2363,63;71.559;0,38;27.595;3,256;0,55;-0,17 €;1,48 €;1,08 €;-0,49 €;1,91 €;-18,40 €;163,65 €;119,75 €;-53,85 €;211,14 €;-0,78%;6,92%;5,07%;-2,28%;1.070,00 €;1.498,00 €;2.140,00 €;17,94%;25,12%;36%;1;Residencial asequible
03034;03;Retiro;Ibiza;227;10400;40,418764;-3,674064;88,22;26,1;2302,54;62.317;2,18;26.761;2,508;2,38;0,04 €;2,07 €;0,92 €;-0,18 €;2,86 €;3,53 €;182,90 €;81,33 €;-15,87 €;251,89 €;0,15%;7,94%;3,53%;-0,69%;1.305,00 €;1.827,00 €;2.610,00 €;25,13%;35,18%;50%;0;Residencial caro
03035;03;Retiro;Los Jerónimos;90;3226;40,413483;-3,685066;153,28;27,3;4184,54;84.768;2,79;31.815;1,613;1,58;0,11 €;2,78 €;1,91 €;-0,31 €;4,48 €;16,78 €;426,27 €;292,05 €;-48,10 €;687,00 €;0,40%;10,19%;6,98%;-1,15%;1.365,00 €;1.911,00 €;2.730,00 €;19,32%;27,05%;39%;0;Residencial caro
03036;03;Retiro;Niño Jesús;61;6323;40,411912;-3,673129;115,16;23,1;2660,20;84.112;0,96;31.955;2,639;1,17;-0,10 €;1,97 €;1,93 €;-0,38 €;3,42 €;-11,45 €;226,82 €;222,56 €;-44,11 €;393,82 €;-0,43%;8,53%;8,37%;-1,66%;1.155,00 €;1.617,00 €;2.310,00 €;16,48%;23,07%;33%;0;Residencial caro
04041;04;Salamanca;Recoletos;313;8948;40,42384;-3,685637;153,33;31,6;4845,23;95.138;3,50;36.397;1,7;2,56;0,19 €;2,71 €;2,80 €;-0,15 €;5,55 €;29,22 €;415,86 €;428,86 €;-22,90 €;851,04 €;0,60%;8,58%;8,85%;-0,47%;1.580,00 €;2.212,00 €;3.160,00 €;19,93%;27,90%;40%;0;Residencial caro
04042;04;Salamanca;Goya;368;16500;40,425293;-3,674396;102,06;28,6;2918,92;66.270;2,23;28.823;2,639;3,02;0,05 €;1,97 €;1,32 €;-0,07 €;3,27 €;4,64 €;201,02 €;135,04 €;-7,40 €;333,29 €;0,16%;6,89%;4,63%;-0,25%;1.430,00 €;2.002,00 €;2.860,00 €;25,89%;36,25%;52%;0;Residencial caro
04043;04;Salamanca;Fuente del Berro;144;10757;40,425164;-3,664214;75,32;25;1883,00;54.409;1,34;23.926;3,458;2,45;-0,06 €;1,32 €;0,37 €;-0,17 €;1,47 €;-4,26 €;99,57 €;27,88 €;-12,63 €;110,56 €;-0,23%;5,29%;1,48%;-0,67%;1.250,00 €;1.750,00 €;2.500,00 €;27,57%;38,60%;55%;0;Residencial caro
04044;04;Salamanca;Guindalera;391;20942;40,436276;-3,667957;78,56;24,5;1924,72;59.568;1,87;25.573;3,703;2,22;0,00 €;1,13 €;0,69 €;-0,21 €;1,62 €;0,30 €;88,63 €;54,26 €;-16,30 €;126,90 €;0,02%;4,60%;2,82%;-0,85%;1.225,00 €;1.715,00 €;2.450,00 €;24,68%;34,55%;49%;0;Residencial caro
04045;04;Salamanca;Lista;207;11257;40,432899;-3,676224;97,43;28;2728,04;66.700;1,84;28.960;2,916;2,53;0,00 €;1,75 €;1,35 €;-0,16 €;2,95 €;0,06 €;170,56 €;131,51 €;-15,12 €;287,01 €;0,00%;6,25%;4,82%;-0,55%;1.400,00 €;1.960,00 €;2.800,00 €;25,19%;35,26%;50%;0;Residencial caro
04046;04;Salamanca;Castellana;181;8673;40,433378;-3,683964;144,35;30;4330,50;88.867;2,09;34.843;2,466;4,47;0,03 €;2,11 €;2,49 €;0,17 €;4,80 €;4,19 €;304,06 €;360,09 €;24,61 €;692,96 €;0,10%;7,02%;8,32%;0,57%;1.500,00 €;2.100,00 €;3.000,00 €;20,25%;28,36%;41%;0;Residencial caro
05051;05;Chamartín;El Viso;88;7323;40,445224;-3,68484;148,49;25,8;3831,04;96.456;1,20;35.797;3,516;1,56;-0,07 €;1,28 €;2,68 €;-0,32 €;3,57 €;-10,74 €;189,49 €;397,99 €;-47,29 €;529,44 €;-0,28%;4,95%;10,39%;-1,23%;1.290,00 €;1.806,00 €;2.580,00 €;16,05%;22,47%;32%;0;Residencial caro
05052;05;Chamartín;Prosperidad;238;18979;40,44544;-3,666659;77,51;22,3;1728,47;55.947;1,25;24.830;4,448;2,56;-0,07 €;0,54 €;0,55 €;-0,15 €;0,87 €;-5,14 €;41,78 €;42,33 €;-11,63 €;67,34 €;-0,30%;2,42%;2,45%;-0,67%;1.115,00 €;1.561,00 €;2.230,00 €;23,92%;33,48%;48%;0;Residencial caro
05053;05;Chamartín;Ciudad Jardín;100;9342;40,446893;-3,67403;77,98;24,1;1879,32;56.896;1,07;24.765;4,161;2,22;-0,09 €;0,77 €;0,53 €;-0,21 €;1,00 €;-6,81 €;59,73 €;41,60 €;-16,19 €;78,34 €;-0,36%;3,18%;2,21%;-0,86%;1.205,00 €;1.687,00 €;2.410,00 €;25,41%;35,58%;51%;0;Residencial caro
05054;05;Chamartín;Hispanoamérica;131;14159;40,455609;-3,676961;108,67;24,3;2640,68;80.976;0,93;31.917;4,847;1,71;-0,10 €;0,22 €;1,93 €;-0,29 €;1,75 €;-11,30 €;24,29 €;209,21 €;-31,74 €;190,46 €;-0,43%;0,92%;7,92%;-1,20%;1.215,00 €;1.701,00 €;2.430,00 €;18,01%;25,21%;36%;0;Residencial caro
05055;05;Chamartín;Nueva España;164;10833;40,462773;-3,678033;126,25;23,6;2979,50;92.935;1,51;34.371;5,527;2,33;-0,04 €;-0,31 €;2,40 €;-0,19 €;1,86 €;-4,62 €;-39,67 €;303,35 €;-23,79 €;235,27 €;-0,15%;-1,33%;10,18%;-0,80%;1.180,00 €;1.652,00 €;2.360,00 €;15,24%;21,33%;30%;0;Residencial caro
05056;05;Chamartín;Castilla;86;8046;40,474691;-3,680468;86,58;21,2;1835,50;70.736;1,07;28.189;6,701;3,31;-0,09 €;-1,24 €;1,20 €;-0,02 €;-0,15 €;-7,58 €;-107,59 €;103,88 €;-2,04 €;-13,33 €;-0,41%;-5,86%;5,66%;-0,11%;1.060,00 €;1.484,00 €;2.120,00 €;17,98%;25,18%;36%;1;Residencial asequible
06061;06;Tetuán;Bellas Vistas;235;14093;40,45205;-3,707384;59,03;23,3;1375,40;41.152;1,67;16.653;3,91;3,93;-0,02 €;0,96 €;-1,05 €;0,08 €;-0,02 €;-1,12 €;56,93 €;-61,69 €;4,71 €;-1,16 €;-0,08%;4,14%;-4,49%;0,34%;1.165,00 €;1.631,00 €;2.330,00 €;33,97%;47,56%;68%;0;Residencial caro
06062;06;Tetuán;Cuatro Caminos;470;18417;40,451969;-3,696969;88,37;23,7;2094,37;56.443;2,55;24.540;3,927;2,75;0,08 €;0,95 €;0,49 €;-0,12 €;1,41 €;7,27 €;84,04 €;43,27 €;-10,39 €;124,20 €;0,35%;4,01%;2,07%;-0,50%;1.185,00 €;1.659,00 €;2.370,00 €;25,19%;35,27%;50%;0;Residencial caro
06063;06;Tetuán;Castillejos;287;11912;40,46098;-3,69405;85,85;23,3;2000,31;58.273;2,41;26.447;4,953;3,28;0,07 €;0,14 €;0,86 €;-0,03 €;1,04 €;5,66 €;11,99 €;73,90 €;-2,48 €;89,07 €;0,28%;0,60%;3,69%;-0,12%;1.165,00 €;1.631,00 €;2.330,00 €;23,99%;33,59%;48%;0;Residencial caro
06064;06;Tetuán;Almenara;185;10791;40,469814;-3,694002;83,16;23,4;1945,94;39.983;1,71;16.415;5,924;4,38;-0,01 €;-0,63 €;-1,09 €;0,16 €;-1,58 €;-1,13 €;-52,24 €;-90,76 €;12,99 €;-131,14 €;-0,06%;-2,68%;-4,66%;0,67%;1.170,00 €;1.638,00 €;2.340,00 €;35,11%;49,16%;70%;0;Residencial caro
06065;06;Tetuán;Valdeacederas;224;13186;40,466859;-3,704341;69,64;21,9;1525,12;37.436;1,70;15.348;5,541;4,51;-0,02 €;-0,33 €;-1,30 €;0,18 €;-1,46 €;-1,07 €;-22,65 €;-90,46 €;12,33 €;-101,86 €;-0,07%;-1,49%;-5,93%;0,81%;1.095,00 €;1.533,00 €;2.190,00 €;35,10%;49,14%;70%;1;Residencial asequible
06066;06;Tetuán;Berruguete;222;12334;40,458924;-3,705352;60,18;21,4;1287,85;38.427;1,80;15.679;4,662;4,26;0,00 €;0,37 €;-1,23 €;0,14 €;-0,73 €;-0,23 €;22,26 €;-74,30 €;8,19 €;-44,08 €;-0,02%;1,73%;-5,77%;0,64%;1.070,00 €;1.498,00 €;2.140,00 €;33,41%;46,78%;67%;1;Residencial asequible
07071;07;Chamberí;Gaztambide;237;13460;40,434464;-3,714825;94,21;25;2355,25;57.141;1,76;26.058;2,168;2,47;-0,01 €;2,34 €;0,79 €;-0,17 €;2,95 €;-0,78 €;220,65 €;73,96 €;-15,56 €;278,27 €;-0,03%;9,37%;3,14%;-0,66%;1.250,00 €;1.750,00 €;2.500,00 €;26,25%;36,75%;53%;0;Residencial caro
07072;07;Chamberí;Arapiles;233;13658;40,434524;-3,707909;80,89;25;2022,25;56.121;1,71;25.893;1,986;3,02;-0,01 €;2,49 €;0,75 €;-0,07 €;3,15 €;-1,18 €;201,09 €;60,91 €;-5,91 €;254,91 €;-0,06%;9,94%;3,01%;-0,29%;1.250,00 €;1.750,00 €;2.500,00 €;26,73%;37,42%;53%;0;Residencial caro
07073;07;Chamberí;Trafalgar;465;14144;40,433304;-3,701279;83,46;27,1;2261,77;56.014;3,29;26.431;1,826;2,83;0,17 €;2,61 €;0,86 €;-0,10 €;3,53 €;13,89 €;218,04 €;71,58 €;-8,71 €;294,81 €;0,61%;9,64%;3,16%;-0,39%;1.355,00 €;1.897,00 €;2.710,00 €;29,03%;40,64%;58%;0;Residencial caro
07074;07;Chamberí;Almagro;227;9358;40,43203;-3,693088;129,06;27,7;3574,96;86.678;2,43;33.425;1,894;2,91;0,07 €;2,56 €;2,22 €;-0,09 €;4,75 €;8,75 €;330,23 €;286,34 €;-11,69 €;613,64 €;0,24%;9,24%;8,01%;-0,33%;1.385,00 €;1.939,00 €;2.770,00 €;19,17%;26,84%;38%;0;Residencial caro
07075;07;Chamberí;Ríos Rosas;254;15102;40,442731;-3,697853;94,25;25,3;2384,53;66.143;1,68;29.358;2,902;2,90;-0,02 €;1,76 €;1,43 €;-0,09 €;3,08 €;-1,63 €;166,03 €;134,52 €;-8,76 €;290,16 €;-0,07%;6,96%;5,64%;-0,37%;1.265,00 €;1.771,00 €;2.530,00 €;22,95%;32,13%;46%;0;Residencial caro
07076;07;Chamberí;Vallehermoso;109;10002;40,442485;-3,711516;114,76;23,2;2662,43;73.576;1,09;30.728;2,915;1,92;-0,09 €;1,75 €;1,69 €;-0,26 €;3,10 €;-9,77 €;200,99 €;194,38 €;-29,53 €;356,07 €;-0,37%;7,55%;7,30%;-1,11%;1.160,00 €;1.624,00 €;2.320,00 €;18,92%;26,49%;38%;0;Residencial caro
08083;08;Fuencarral - El Pardo;Peñagrande;59;20146;40,477757;-3,727679;103,91;18,3;1901,55;58.355;0,29;22.816;7,054;1,13;-0,18 €;-1,52 €;0,15 €;-0,39 €;-1,93 €;-18,32 €;-158,13 €;16,02 €;-40,58 €;-201,01 €;-0,96%;-8,32%;0,84%;-2,13%;915,00 €;1.281,00 €;1.830,00 €;18,82%;26,34%;38%;1;Residencial asequible
08084;08;Fuencarral - El Pardo;Pilar;60;21594;40,47699;-3,709833;64,2;21,2;1361,04;41.799;0,28;17.793;6,686;2,02;-0,18 €;-1,23 €;-0,82 €;-0,24 €;-2,47 €;-11,43 €;-79,02 €;-52,85 €;-15,40 €;-158,70 €;-0,84%;-5,81%;-3,88%;-1,13%;1.060,00 €;1.484,00 €;2.120,00 €;30,43%;42,60%;61%;1;Residencial asequible
08085;08;Fuencarral - El Pardo;La Paz;26;13559;40,481965;-3,695116;111,71;17,4;1943,75;68.059;0,19;26.477;7,252;0,47;-0,19 €;-1,68 €;0,87 €;-0,50 €;-1,50 €;-20,99 €;-187,49 €;96,81 €;-56,01 €;-167,69 €;-1,08%;-9,65%;4,98%;-2,88%;870,00 €;1.218,00 €;1.740,00 €;15,34%;21,48%;31%;1;Residencial asequible
08086;08;Fuencarral - El Pardo;Valverde;112;27395;40,500973;-3,678713;81,43;18,9;1539,03;56.095;0,41;20.138;9,562;3,21;-0,16 €;-3,51 €;-0,37 €;-0,04 €;-4,08 €;-13,28 €;-285,42 €;-29,88 €;-3,31 €;-331,89 €;-0,86%;-18,55%;-1,94%;-0,21%;945,00 €;1.323,00 €;1.890,00 €;20,22%;28,30%;40%;1;Residencial asequible
08087;08;Fuencarral - El Pardo;Mirasierra;20;13519;40,498254;-3,71791;148,87;17,4;2590,34;86.457;0,15;29.407;9,107;2,95;-0,19 €;-3,15 €;1,44 €;-0,08 €;-1,99 €;-28,72 €;-468,25 €;213,89 €;-12,57 €;-295,65 €;-1,11%;-18,08%;8,26%;-0,49%;870,00 €;1.218,00 €;1.740,00 €;12,08%;16,91%;24%;1;Residencial asequible
08088;08;Fuencarral - El Pardo;El Goloso;8;7022;40,540126;-3,690763;104,27;16,6;1730,88;82.549;0,11;27.155;13,716;2,90;-0,20 €;-6,79 €;1,00 €;-0,09 €;-6,08 €;-20,52 €;-708,01 €;104,12 €;-9,69 €;-634,10 €;-1,19%;-40,90%;6,02%;-0,56%;830,00 €;1.162,00 €;1.660,00 €;12,07%;16,89%;24%;1;Residencial asequible
09091;09;Moncloa - Aravaca;Casa de Campo;98;6373;40,42389;-3,747395;86,13;20;1722,60;52.900;1,54;23.494;3,801;1,39;-0,03 €;1,05 €;0,29 €;-0,35 €;0,96 €;-2,91 €;90,50 €;24,65 €;-29,81 €;82,42 €;-0,17%;5,25%;1,43%;-1,73%;1.000,00 €;1.400,00 €;2.000,00 €;22,68%;31,76%;45%;1;Residencial asequible
09092;09;Moncloa - Aravaca;Argüelles;332;13077;40,428048;-3,717615;109,19;25;2729,75;65.987;2,54;28.664;1,717;1,98;0,08 €;2,70 €;1,29 €;-0,25 €;3,82 €;8,82 €;294,68 €;141,09 €;-27,00 €;417,59 €;0,32%;10,79%;5,17%;-0,99%;1.250,00 €;1.750,00 €;2.500,00 €;22,73%;31,82%;45%;0;Residencial caro
09093;09;Moncloa - Aravaca;Ciudad Universitaria;80;7537;40,456834;-3,735865;123,54;21,5;2656,11;76.855;1,06;30.310;5,208;3,08;-0,09 €;-0,06 €;1,61 €;-0,06 €;1,40 €;-10,92 €;-7,66 €;199,21 €;-7,71 €;172,92 €;-0,41%;-0,29%;7,50%;-0,29%;1.075,00 €;1.505,00 €;2.150,00 €;16,78%;23,50%;34%;1;Residencial asequible
09094;09;Moncloa - Aravaca;Valdezarza;71;14775;40,465114;-3,716953;71,4;19,6;1399,44;44.802;0,48;18.383;5,467;3,64;-0,15 €;-0,27 €;-0,71 €;0,03 €;-1,10 €;-11,06 €;-19,05 €;-50,58 €;2,25 €;-78,44 €;-0,79%;-1,36%;-3,61%;0,16%;980,00 €;1.372,00 €;1.960,00 €;26,25%;36,75%;52%;1;Residencial asequible
09095;09;Moncloa - Aravaca;Valdemarín;12;2701;40,46824;-3,782678;173,81;19;3302,39;104.762;0,44;36.918;8,802;4,04;-0,16 €;-2,90 €;2,90 €;0,10 €;-0,07 €;-27,64 €;-504,77 €;503,77 €;17,14 €;-11,49 €;-0,84%;-15,28%;15,25%;0,52%;950,00 €;1.330,00 €;1.900,00 €;10,88%;15,23%;22%;1;Residencial asequible
09097;09;Moncloa - Aravaca;Aravaca;48;10460;40,454157;-3,775732;152,2;17,9;2724,38;83.047;0,46;30.206;7,387;2,69;-0,16 €;-1,79 €;1,59 €;-0,13 €;-0,48 €;-23,95 €;-271,70 €;242,34 €;-19,52 €;-72,82 €;-0,88%;-9,97%;8,90%;-0,72%;895,00 €;1.253,00 €;1.790,00 €;12,93%;18,11%;26%;1;Residencial asequible
10101;10;Latina;Los Cármenes;49;7476;40,40096;-3,738097;74,46;19,6;1459,42;38.240;0,66;14.416;3,428;2,86;-0,13 €;1,35 €;-1,48 €;-0,10 €;-0,37 €;-10,04 €;100,20 €;-110,23 €;-7,37 €;-27,44 €;-0,69%;6,87%;-7,55%;-0,51%;980,00 €;1.372,00 €;1.960,00 €;30,75%;43,05%;62%;1;Residencial asequible
10102;10;Latina;Puerta del Ángel;242;20288;40,41019;-3,73124;67,14;21,8;1463,65;37.197;1,19;15.310;2,468;5,00;-0,07 €;2,10 €;-1,31 €;0,26 €;0,99 €;-4,92 €;141,32 €;-87,71 €;17,48 €;66,17 €;-0,34%;9,66%;-5,99%;1,19%;1.090,00 €;1.526,00 €;2.180,00 €;35,16%;49,23%;70%;1;Residencial asequible
10103;10;Latina;Lucero;78;16480;40,402537;-3,752703;66,44;18,5;1229,14;38.305;0,47;14.814;4,469;3,54;-0,16 €;0,52 €;-1,40 €;0,01 €;-1,02 €;-10,34 €;34,71 €;-93,21 €;0,94 €;-67,90 €;-0,84%;2,82%;-7,58%;0,08%;925,00 €;1.295,00 €;1.850,00 €;28,98%;40,57%;58%;1;Residencial asequible
10104;10;Latina;Aluche;61;30415;40,393519;-3,756377;71,68;16,9;1211,39;38.111;0,20;15.162;5,184;3,52;-0,19 €;-0,04 €;-1,34 €;0,01 €;-1,55 €;-13,40 €;-3,08 €;-95,71 €;0,80 €;-111,39 €;-1,11%;-0,25%;-7,90%;0,07%;845,00 €;1.183,00 €;1.690,00 €;26,61%;37,25%;53%;1;Residencial asequible
10107;10;Latina;Águilas;49;23204;40,383339;-3,772289;67,43;16,7;1126,08;37.212;0,21;15.144;6,926;2,07;-0,19 €;-1,42 €;-1,34 €;-0,23 €;-3,18 €;-12,52 €;-95,79 €;-90,27 €;-15,65 €;-214,23 €;-1,11%;-8,51%;-8,02%;-1,39%;835,00 €;1.169,00 €;1.670,00 €;26,93%;37,70%;54%;1;Residencial asequible
11111;11;Carabanchel;Comillas;130;11127;40,392473;-3,711125;73,12;19;1389,28;36.535;1,17;15.403;2,792;3,23;-0,08 €;1,85 €;-1,29 €;-0,04 €;0,45 €;-5,57 €;135,17 €;-94,20 €;-2,78 €;32,63 €;-0,40%;9,73%;-6,78%;-0,20%;950,00 €;1.330,00 €;1.900,00 €;31,20%;43,68%;62%;1;Residencial asequible
11112;11;Carabanchel;Opañel;146;15338;40,391538;-3,721288;69,59;19,3;1343,09;36.456;0,95;14.134;3,198;4,70;-0,10 €;1,53 €;-1,54 €;0,21 €;0,10 €;-7,02 €;106,30 €;-106,84 €;14,56 €;7,01 €;-0,52%;7,91%;-7,95%;1,08%;965,00 €;1.351,00 €;1.930,00 €;31,76%;44,47%;64%;1;Residencial asequible
11113;11;Carabanchel;San Isidro;191;17497;40,397046;-3,726896;64,09;19,5;1249,76;34.893;1,09;13.288;2,968;4,40;-0,08 €;1,71 €;-1,70 €;0,16 €;0,08 €;-5,44 €;109,56 €;-108,95 €;10,20 €;5,37 €;-0,44%;8,77%;-8,72%;0,82%;975,00 €;1.365,00 €;1.950,00 €;33,53%;46,94%;67%;1;Residencial asequible
11114;11;Carabanchel;Vista Alegre;110;19648;40,384407;-3,745498;64,49;18,8;1212,41;34.851;0,56;12.736;5,073;4,96;-0,15 €;0,04 €;-1,81 €;0,25 €;-1,66 €;-9,40 €;2,89 €;-116,55 €;16,31 €;-106,76 €;-0,78%;0,24%;-9,61%;1,35%;940,00 €;1.316,00 €;1.880,00 €;32,37%;45,31%;65%;1;Residencial asequible
11115;11;Carabanchel;Puerta Bonita;79;14323;40,380471;-3,738623;65,4;19,9;1301,46;33.635;0,55;11.651;5,026;5,25;-0,15 €;0,08 €;-2,02 €;0,30 €;-1,78 €;-9,60 €;5,36 €;-132,01 €;19,73 €;-116,51 €;-0,74%;0,41%;-10,14%;1,52%;995,00 €;1.393,00 €;1.990,00 €;35,50%;49,70%;71%;1;Residencial asequible
11116;11;Carabanchel;Buenavista;49;20412;40,36833;-3,741483;67,76;18,7;1267,11;40.809;0,24;14.879;6,285;3,77;-0,18 €;-0,91 €;-1,39 €;0,05 €;-2,43 €;-12,36 €;-61,91 €;-94,21 €;3,63 €;-164,85 €;-0,98%;-4,89%;-7,43%;0,29%;935,00 €;1.309,00 €;1.870,00 €;27,49%;38,49%;55%;1;Residencial asequible
12124;12;Usera;Almendrales;105;8997;40,383731;-3,698928;75,38;21,5;1620,67;36.701;1,17;12.826;3,708;4,67;-0,08 €;1,12 €;-1,79 €;0,21 €;-0,54 €;-5,75 €;84,75 €;-134,91 €;15,49 €;-40,43 €;-0,35%;5,23%;-8,32%;0,96%;1.075,00 €;1.505,00 €;2.150,00 €;35,15%;49,21%;70%;1;Residencial asequible
12125;12;Usera;Moscardó;132;11203;40,39033;-3,705231;65,03;19,8;1287,59;34.536;1,18;12.693;2,958;4,75;-0,07 €;1,72 €;-1,82 €;0,22 €;0,05 €;-4,88 €;111,68 €;-118,07 €;14,21 €;2,94 €;-0,38%;8,67%;-9,17%;1,10%;990,00 €;1.386,00 €;1.980,00 €;34,40%;48,16%;69%;1;Residencial asequible
12127;12;Usera;Pradolongo;52;6628;40,378576;-3,706029;59,94;20,5;1228,77;30.335;0,78;9.910;4,265;6,99;-0,12 €;0,68 €;-2,36 €;0,59 €;-1,20 €;-7,20 €;40,98 €;-141,29 €;35,58 €;-71,92 €;-0,59%;3,34%;-11,50%;2,90%;1.025,00 €;1.435,00 €;2.050,00 €;40,55%;56,77%;81%;1;Residencial asequible
13132;13;Puente de Vallecas;San Diego;244;18134;40,389437;-3,668374;52,48;20,5;1075,84;28.881;1,35;10.252;4,269;8,97;-0,06 €;0,68 €;-2,29 €;0,93 €;-0,74 €;-2,93 €;35,72 €;-120,21 €;48,64 €;-38,78 €;-0,27%;3,32%;-11,17%;4,52%;1.025,00 €;1.435,00 €;2.050,00 €;42,59%;59,62%;85%;1;Residencial asequible
13133;13;Puente de Vallecas;Palomeras Bajas;46;16721;40,385217;-3,658502;64,33;16,8;1080,74;37.176;0,28;13.967;5,197;3,11;-0,18 €;-0,05 €;-1,57 €;-0,06 €;-1,86 €;-11,47 €;-3,43 €;-100,85 €;-3,72 €;-119,47 €;-1,06%;-0,32%;-9,33%;-0,34%;840,00 €;1.176,00 €;1.680,00 €;27,11%;37,96%;54%;1;Residencial asequible
13134;13;Puente de Vallecas;Palomeras Sureste;49;18136;40,38544;-3,635437;77,52;16,3;1263,58;35.288;0,27;13.353;6,754;2,82;-0,18 €;-1,28 €;-1,69 €;-0,11 €;-3,26 €;-13,87 €;-99,58 €;-130,80 €;-8,25 €;-252,50 €;-1,10%;-7,88%;-10,35%;-0,65%;815,00 €;1.141,00 €;1.630,00 €;27,71%;38,80%;55%;1;Residencial asequible
13136;13;Puente de Vallecas;Numancia;219;20339;40,399085;-3,658212;56,39;20,4;1150,36;32.287;1,08;12.136;4,326;4,50;-0,09 €;0,64 €;-1,92 €;0,18 €;-1,20 €;-4,88 €;35,84 €;-108,50 €;9,89 €;-67,65 €;-0,42%;3,12%;-9,43%;0,86%;1.020,00 €;1.428,00 €;2.040,00 €;37,91%;53,07%;76%;1;Residencial asequible
14143;14;Moratalaz;Marroquina;17;11936;40,410054;-3,641287;79,4;16,7;1325,98;48.415;0,14;20.036;5,336;0,98;-0,19 €;-0,16 €;-0,39 €;-0,41 €;-1,16 €;-15,37 €;-12,96 €;-30,71 €;-32,94 €;-91,98 €;-1,16%;-0,98%;-2,32%;-2,48%;835,00 €;1.169,00 €;1.670,00 €;20,70%;28,97%;41%;1;Residencial asequible
15151;15;Ciudad Lineal;Ventas;216;23652;40,423537;-3,649844;65,96;20;1319,20;37.510;0,91;15.254;4,613;3,91;-0,11 €;0,41 €;-1,32 €;0,08 €;-0,94 €;-6,95 €;26,95 €;-86,89 €;5,12 €;-61,76 €;-0,53%;2,04%;-6,59%;0,39%;1.000,00 €;1.400,00 €;2.000,00 €;31,99%;44,79%;64%;1;Residencial asequible
15152;15;Ciudad Lineal;Pueblo Nuevo;220;27791;40,425194;-3,635994;67,5;19,5;1316,25;38.607;0,79;14.782;5,802;4,71;-0,12 €;-0,53 €;-1,41 €;0,21 €;-1,85 €;-8,05 €;-35,89 €;-95,12 €;14,32 €;-124,74 €;-0,61%;-2,73%;-7,23%;1,09%;975,00 €;1.365,00 €;1.950,00 €;30,31%;42,43%;61%;1;Residencial asequible
15153;15;Ciudad Lineal;Quintana;100;12388;40,437574;-3,643136;64,58;20;1291,60;39.597;0,81;16.290;5,611;4,95;-0,12 €;-0,38 €;-1,12 €;0,25 €;-1,36 €;-7,58 €;-24,58 €;-72,05 €;16,27 €;-87,96 €;-0,59%;-1,90%;-5,58%;1,26%;1.000,00 €;1.400,00 €;2.000,00 €;30,31%;42,43%;61%;1;Residencial asequible
15154;15;Ciudad Lineal;La Concepción;87;11002;40,439214;-3,648804;68,48;20;1369,60;44.507;0,79;19.248;5,259;6,09;-0,12 €;-0,10 €;-0,54 €;0,44 €;-0,32 €;-8,17 €;-7,01 €;-36,99 €;30,33 €;-21,83 €;-0,60%;-0,51%;-2,70%;2,21%;1.000,00 €;1.400,00 €;2.000,00 €;26,96%;37,75%;54%;1;Residencial asequible
15155;15;Ciudad Lineal;San Pascual;38;9055;40,442992;-3,653838;75,62;20,6;1557,77;52.645;0,42;22.329;5,111;3,71;-0,16 €;0,01 €;0,06 €;0,04 €;-0,05 €;-12,24 €;1,11 €;4,49 €;3,22 €;-3,40 €;-0,79%;0,07%;0,29%;0,21%;1.030,00 €;1.442,00 €;2.060,00 €;23,48%;32,87%;47%;1;Residencial asequible
15156;15;Ciudad Lineal;San Juan Bautista;29;5994;40,450635;-3,65583;97,72;20,5;2003,26;71.341;0,48;28.260;5,509;5,28;-0,15 €;-0,30 €;1,21 €;0,31 €;1,07 €;-15,10 €;-29,32 €;118,59 €;30,02 €;104,20 €;-0,75%;-1,46%;5,92%;1,50%;1.025,00 €;1.435,00 €;2.050,00 €;17,24%;24,14%;34%;1;Residencial asequible
15157;15;Ciudad Lineal;Colina;23;3192;40,458164;-3,659767;98,39;22,4;2203,94;67.412;0,72;27.706;5,891;3,60;-0,13 €;-0,60 €;1,11 €;0,03 €;0,40 €;-12,53 €;-59,24 €;108,80 €;2,49 €;39,51 €;-0,57%;-2,69%;4,94%;0,11%;1.120,00 €;1.568,00 €;2.240,00 €;19,94%;27,91%;40%;0;Residencial caro
15159;15;Ciudad Lineal;Costillares;30;9487;40,475385;-3,669867;107,54;18,8;2021,75;79.297;0,32;29.377;7,087;1,74;-0,17 €;-1,55 €;1,43 €;-0,29 €;-0,58 €;-18,68 €;-166,46 €;153,88 €;-30,91 €;-62,16 €;-0,92%;-8,23%;7,61%;-1,53%;940,00 €;1.316,00 €;1.880,00 €;14,23%;19,92%;28%;1;Residencial asequible
16161;16;Hortaleza;Palomas;5;2702;40,454008;-3,616173;169,32;16,7;2827,64;98.118;0,19;34.774;8,475;1,38;-0,19 €;-2,65 €;2,48 €;-0,35 €;-0,70 €;-31,95 €;-447,94 €;420,11 €;-59,03 €;-118,81 €;-1,13%;-15,84%;14,86%;-2,09%;835,00 €;1.169,00 €;1.670,00 €;10,21%;14,30%;20%;1;Residencial asequible
16162;16;Hortaleza;Piovera;31;5562;40,455615;-3,636289;171,41;19,1;3273,93;98.575;0,56;34.949;7,138;2,72;-0,15 €;-1,59 €;2,52 €;-0,12 €;0,66 €;-25,04 €;-272,24 €;431,13 €;-21,23 €;112,63 €;-0,76%;-8,32%;13,17%;-0,65%;955,00 €;1.337,00 €;1.910,00 €;11,63%;16,28%;23%;1;Residencial asequible
16163;16;Hortaleza;Canillas;138;18334;40,462996;-3,641649;80,64;18,9;1524,10;49.140;0,75;19.994;7,326;1,63;-0,12 €;-1,74 €;-0,39 €;-0,31 €;-2,56 €;-9,97 €;-140,06 €;-31,85 €;-24,68 €;-206,57 €;-0,65%;-9,19%;-2,09%;-1,62%;945,00 €;1.323,00 €;1.890,00 €;23,08%;32,31%;46%;1;Residencial asequible
16164;16;Hortaleza;Pinar del Rey;131;24296;40,471776;-3,644341;68,52;20,4;1397,81;41.018;0,54;16.824;7,889;2,43;-0,15 €;-2,18 €;-1,01 €;-0,17 €;-3,51 €;-10,15 €;-149,52 €;-69,33 €;-11,72 €;-240,72 €;-0,73%;-10,70%;-4,96%;-0,84%;1.020,00 €;1.428,00 €;2.040,00 €;29,84%;41,78%;60%;1;Residencial asequible
16166;16;Hortaleza;Valdefuentes;146;28830;40,490834;-3,636993;117,47;19;2231,93;71.662;0,51;25.293;9,955;5,54;-0,15 €;-3,82 €;0,64 €;0,35 €;-2,98 €;-17,84 €;-448,26 €;74,74 €;41,12 €;-350,25 €;-0,80%;-20,08%;3,35%;1,84%;950,00 €;1.330,00 €;1.900,00 €;15,91%;22,27%;32%;1;Residencial asequible
17171;17;Villaverde;Villaverde Alto - Casco Histórico de Villaverde;97;18542;40,343037;-3,708355;68,07;20;1361,40;33.273;0,52;11.511;8,214;4,99;-0,15 €;-2,44 €;-2,05 €;0,26 €;-4,38 €;-10,21 €;-166,03 €;-139,25 €;17,63 €;-297,86 €;-0,75%;-12,20%;-10,23%;1,30%;1.000,00 €;1.400,00 €;2.000,00 €;36,07%;50,49%;72%;1;Residencial asequible
17173;17;Villaverde;Butarque;26;8390;40,340081;-3,673401;74,38;17,4;1294,21;39.054;0,31;13.620;8,907;4,85;-0,17 €;-2,99 €;-1,64 €;0,23 €;-4,56 €;-12,97 €;-222,19 €;-121,63 €;17,44 €;-339,35 €;-1,00%;-17,17%;-9,40%;1,35%;870,00 €;1.218,00 €;1.740,00 €;26,73%;37,43%;53%;1;Residencial asequible
17174;17;Villaverde;Los Rosales;46;14550;40,355313;-3,688463;68,48;15,5;1061,44;36.616;0,32;12.703;6,96;4,75;-0,17 €;-1,45 €;-1,81 €;0,22 €;-3,22 €;-11,89 €;-99,12 €;-124,20 €;14,95 €;-220,27 €;-1,12%;-9,34%;-11,70%;1,41%;775,00 €;1.085,00 €;1.550,00 €;25,40%;35,56%;51%;1;Residencial asequible
18181;18;Villa de Vallecas;Casco Histórico de Vallecas;74;15125;40,347579;-3,61532;66,85;17,4;1163,19;32.330;0,49;11.951;10,74;3,80;-0,15 €;-4,44 €;-1,96 €;0,06 €;-6,49 €;-10,28 €;-296,59 €;-131,03 €;3,95 €;-433,96 €;-0,88%;-25,50%;-11,26%;0,34%;870,00 €;1.218,00 €;1.740,00 €;32,29%;45,21%;65%;1;Residencial asequible
18183;18;Villa de Vallecas;Ensanche de Vallecas;21;25423;40,365797;-3,599877;59,2;17,3;1024,16;42.838;0,08;16.757;10,47;5,44;-0,20 €;-4,22 €;-1,02 €;0,33 €;-5,11 €;-11,86 €;-250,01 €;-60,67 €;19,80 €;-302,75 €;-1,16%;-24,41%;-5,92%;1,93%;865,00 €;1.211,00 €;1.730,00 €;24,23%;33,92%;48%;1;Residencial asequible
19191;19;Vicálvaro;Casco Histórico de Vicálvaro;39;14553;40,393123;-3,579849;59,2;19,3;1142,56;32.707;0,27;12.291;10,823;4,13;-0,18 €;-4,50 €;-1,89 €;0,11 €;-6,46 €;-10,61 €;-266,54 €;-112,12 €;6,77 €;-382,49 €;-0,93%;-23,33%;-9,81%;0,59%;965,00 €;1.351,00 €;1.930,00 €;35,41%;49,57%;71%;1;Residencial asequible
19194;19;Vicálvaro;El Cañaveral;0;9393;40,404623;-3,549222;106,88;15,6;1667,33;49.613;0,00;19.187;13,164;27,37;-0,21 €;-6,35 €;-0,55 €;4,02 €;-3,10 €;-22,43 €;-679,08 €;-59,00 €;429,50 €;-331,00 €;-1,35%;-40,73%;-3,54%;25,76%;780,00 €;1.092,00 €;1.560,00 €;18,87%;26,41%;38%;1;Residencial asequible
20201;20;San Blas - Canillejas;Simancas;99;12445;40,434118;-3,624631;70,67;19,2;1356,86;40.528;0,80;15.675;6,959;4,73;-0,12 €;-1,45 €;-1,24 €;0,21 €;-2,59 €;-8,40 €;-102,24 €;-87,31 €;15,15 €;-182,78 €;-0,62%;-7,53%;-6,43%;1,12%;960,00 €;1.344,00 €;1.920,00 €;28,42%;39,79%;57%;1;Residencial asequible
20205;20;San Blas - Canillejas;Rosas;39;12087;40,429344;-3,5937;91,26;15,1;1378,03;54.543;0,32;19.981;9,418;0,28;-0,17 €;-3,39 €;-0,40 €;-0,53 €;-4,49 €;-15,78 €;-309,49 €;-36,27 €;-48,60 €;-410,15 €;-1,15%;-22,46%;-2,63%;-3,53%;755,00 €;1.057,00 €;1.510,00 €;16,61%;23,26%;33%;1;Residencial asequible
20206;20;San Blas - Canillejas;Rejas;144;6838;40,444009;-3,569048;92,86;16,8;1560,05;48.981;2,11;19.155;11,796;4,48;0,03 €;-5,27 €;-0,56 €;0,17 €;-5,63 €;2,90 €;-489,54 €;-51,84 €;16,01 €;-522,47 €;0,19%;-31,38%;-3,32%;1,03%;840,00 €;1.176,00 €;1.680,00 €;20,58%;28,81%;41%;1;Residencial asequible
20207;20;San Blas - Canillejas;Canillejas;96;12519;40,442759;-3,609896;75,44;19,2;1448,45;39.548;0,77;15.070;8,443;2,97;-0,12 €;-2,62 €;-1,35 €;-0,08 €;-4,18 €;-9,21 €;-197,67 €;-102,08 €;-6,12 €;-315,08 €;-0,64%;-13,65%;-7,05%;-0,42%;960,00 €;1.344,00 €;1.920,00 €;29,13%;40,78%;58%;1;Residencial asequible
20208;20;San Blas - Canillejas;El Salvador;20;4893;40,444174;-3,627931;123,93;17;2106,81;66.674;0,41;26.077;7,089;2,22;-0,16 €;-1,55 €;0,79 €;-0,21 €;-1,13 €;-20,21 €;-192,03 €;97,75 €;-25,56 €;-140,05 €;-0,96%;-9,11%;4,64%;-1,21%;850,00 €;1.190,00 €;1.700,00 €;15,30%;21,42%;31%;1;Residencial asequible
21211;21;Barajas;Alameda de Osuna;36;8316;40,457282;-3,591121;97,84;15,5;1516,52;64.316;0,43;24.417;10,533;0,96;-0,16 €;-4,27 €;0,47 €;-0,42 €;-4,39 €;-15,68 €;-418,07 €;45,57 €;-40,96 €;-429,15 €;-1,03%;-27,57%;3,00%;-2,70%;775,00 €;1.085,00 €;1.550,00 €;14,46%;20,24%;29%;1;Residencial asequible
21214;21;Barajas;Timón;61;5333;40,476321;-3,603938;90,26;16,7;1507,34;51.725;1,14;19.498;10,713;2,87;-0,08 €;-4,42 €;-0,49 €;-0,10 €;-5,08 €;-7,12 €;-398,53 €;-44,36 €;-8,81 €;-458,82 €;-0,47%;-26,44%;-2,94%;-0,58%;835,00 €;1.169,00 €;1.670,00 €;19,37%;27,12%;39%;1;Residencial asequible
