;Enero;Febrero;Marzo;Abril;Mayo;Junio;Julio;Agosto;Septiembre;Octubre;Noviembre;Diciembre
Ciudad de Madrid;18,3;18,7;18,9;19,2;19,4;19,8;19,8;19,9;20,4;20,6;20,5;20,7
01. Centro;22,6;23,1;23,3;23,6;23,6;23,5;23,3;23,6;24;24,4;25;25,5
02. Arganzuela;18,1;18,6;19,1;19,2;19,4;19,6;19,6;19,9;20,2;20,5;20,4;20,3
03. Retiro;19,7;19,6;19,3;19,6;19,9;20;20,5;21;21,4;21,4;21,5;21,5
04. Salamanca;22,7;23,3;23,5;23,7;23,7;24;24;24,4;25;25;25;25,3
05. Chamartín;19,5;19,6;19,9;20,1;20;20,2;20,3;20,4;20,7;20,9;21;21,2
06. Tetuán;18,8;19,1;19,5;19,7;19,8;19,9;19,6;20;20,2;20,4;20,3;20,6
07. Chamberí;22,1;22,3;22,5;22,6;22,8;22,6;22,8;23;23,5;24,1;24,1;24,4
08. Fuencarral-El Pardo;14,5;14,6;14,9;15;15,5;15,7;15,9;16,1;16,1;16,1;16;16
09. Moncloa-Aravaca;18,1;18,4;18,2;18,2;18,4;19,1;19,4;19,4;19,7;19,8;19,4;19,5
10. Latina;15;15,4;15,8;15,7;15,5;15,7;15,8;16,3;16,7;17;17;17
11. Carabanchel;14,2;14,4;14,6;15;15;15,5;15,5;15,8;16;16,1;16;16,2
12. Usera;14,2;14,5;15;15,5;16;16,4;16,3;16,6;17,6;17,1;17;17
13. Puente de Vallecas;14,3;14,6;15,2;15,3;15,4;15,8;15,8;16,2;16,2;16,3;16,4;16,9
14. Moratalaz;13,6;13,1;13,5;14,2;14,5;14,8;14,8;14,5;14,5;14,7;15;15,1
15. Ciudad Lineal;15,8;16,2;16,3;16,5;16,6;17;17,1;17;17,2;17,2;17,2;17,4
16. Hortaleza;14,7;14,9;15,1;15,2;15,5;15,8;15,8;15,8;15,9;16,2;16,3;16,7
17. Villaverde;13,2;13,7;14,1;13,9;14,1;14,4;15;15,3;15,8;15,8;15;15,1
18. Villa de Vallecas;13,2;13,6;14;14,3;14,6;14,3;14,2;14,3;14,7;15;15,1;15,2
19. Vicálvaro;12,8;12,9;13,2;13,1;13;13;13,5;13,8;13,8;13,9;14,2;14,5
20. San Blas-Canillejas;13,9;14;14,1;14,5;14,6;15;14,9;14,8;14,8;15,2;15,2;15,1
21. Barajas;14,1;13,9;13,9;14,1;14,5;14,9;14,7;14,6;14,6;14,8;14,6;15,3
